<?xml version="1.0" encoding="utf-8"?>
<Defs>
	<KeyBindingCategoryDef>
		<defName>RocketKeyBindingCategory</defName>
		<label>RocketMan - Performance Mod</label>
		<description>Disable/Enable RocketMan features from anywhere using KeyBinds.</description>				
		<isGameUniversal>true</isGameUniversal>
  	</KeyBindingCategoryDef>
	<KeyBindingDef>
		<category>RocketKeyBindingCategory</category>
		<defName>RocketKeyBindingDisable</defName>		
		<label>Toggle RocketMan</label>
		<defaultKeyCodeA></defaultKeyCodeA>
  	</KeyBindingDef>
	<KeyBindingDef>
		<category>RocketKeyBindingCategory</category>
		<defName>RocketKeyToggleAlerts</defName>		
		<label>Toggle all alerts</label>
		<defaultKeyCodeA></defaultKeyCodeA>
  	</KeyBindingDef>
	<KeyBindingDef>
		<category>RocketKeyBindingCategory</category>
		<defName>RocketKeyToggleDebugging</defName>		
		<label>Toggle RocketMan debugging mode</label>
		<defaultKeyCodeA></defaultKeyCodeA>
  	</KeyBindingDef>
	<KeyBindingDef>
		<category>RocketKeyBindingCategory</category>
		<defName>RocketKeyToggleForcedSlowdowns</defName>		
		<label>Toggle global forced slowdowns</label>
		<defaultKeyCodeA></defaultKeyCodeA>
  	</KeyBindingDef>
</Defs>