<?xml version="1.0" encoding="utf-8" ?>
<RocketRules>
	<IgnoreMe packageId="OskarPotocki.VFE.Mechanoid"/>
	<IgnoreMe packageId="Alaestor.MiscRobots.PlusPlus"/>
	<IgnoreMe packageId="Haplo.Miscellaneous.Robots"/>
	<IgnoreMe packageId="ChJees.Androids"/>
	<IgnoreMe packageId="automatic.autocleaner"/>
	<IgnoreMe packageId="neronix17.mechadroids"/>
	<IgnoreMe packageId="neronix17.outerrim.galaxies"/>
	<IgnoreMe packageId="spdskatr.projectrimfactory.drones"/>
    <IgnoreMe packageId="spdskatr.projectrimfactory.legacy"/>
    <IgnoreMe packageId="spdskatr.projectrimfactory"/>
</RocketRules>