<?xml version="1.0" encoding="utf-8" ?>

<Patch>

	<!-- Performance fix for worldpawns -->
	<Operation Class="PatchOperationAdd">
		<success>Always</success>
		<xpath>/Defs/rjw.HediffDef_PartBase[@Name="RJW_PrivatePartBase" and not(alwaysAllowMothball="true")]</xpath>
			<value>
				<alwaysAllowMothball>true</alwaysAllowMothball>
			</value>
	</Operation>
	<Operation Class="PatchOperationAdd">
		<success>Always</success>
		<xpath>/Defs/rjw.HediffDef_PartBase[@Name="RJW_PrivatePartBase" and not(alwaysAllowMothballCached="true")]</xpath>
			<value>
				<alwaysAllowMothballCached>true</alwaysAllowMothballCached>
			</value>
	</Operation>
	<Operation Class="PatchOperationAdd">
		<success>Always</success>
		<xpath>/Defs/HediffDef[@Name="ImplantHediffBase" or @Name="AddedBodyPartBase" or defName="MissingBodyPart" or defName="Anxiety" or defName="PeacefulProtester"][not(alwaysAllowMothball="true")]</xpath>
			<value>
				<alwaysAllowMothball>true</alwaysAllowMothball>
			</value>
	</Operation>
	<Operation Class="PatchOperationAdd">
		<success>Always</success>
		<xpath>/Defs/HediffDef[@Name="ImplantHediffBase" or @Name="AddedBodyPartBase" or defName="MissingBodyPart" or defName="Anxiety" or defName="PeacefulProtester"][not(alwaysAllowMothballCached="true")]</xpath>
			<value>
				<alwaysAllowMothballCached>true</alwaysAllowMothballCached>
			</value>
	</Operation>

</Patch>
